source,target,weight
abl1,arh,0
abl1,atp8a2,0
abl1,bcl2l11,0
abl1,bcr,0
abl1,casp-3,0
abl1,ccr5,0
abl1,cd33,0
abl1,cd4,0
abl1,cdc2,0
abl1,cdc25c,0
abl1,cdk5r2,0
abl1,cdkn1a,0
abl1,cdkn1b,0
abl1,cflar,0
abl1,chek2,0
abl1,chuk,0
abl1,cldn5,0
abl1,cxcr4,0
abl1,dnch1,0
abl1,egf,0
abl1,egfr,0
abl1,eif4ebp1,0
abl1,eif4g1,0
abl1,eif4g2,0
abl1,elf3,0
abl1,elf4,0
abl1,epha3,0
abl1,ern1,0
abl1,fadd,0
abl1,fpr1,0
abl1,gabarap,0
abl1,gapd,0
abl1,gas2,0
abl1,gclc,0
abl1,gng11,0
abl1,gsk3b,0
abl1,hdac9,0
abl1,hoxa1,0
abl1,hspca,0
abl1,ifnalpha,0
abl1,ifng,0
abl1,ikbkb,0
abl1,il2,0
abl1,lamp2,0
abl1,lck,1
abl1,map2k1,0
abl1,mapk14,0
abl1,mapk8,0
abl1,mdcr,0
abl1,msh2,0
abl1,mtb,0
abl1,pax2,0
abl1,pbx1,0
abl1,pdcd8,0
abl1,pik3c3,0
abl1,pik3ca,0
abl1,pitx2,0
abl1,pmaip1,0
abl1,prkaa2,0
abl1,prkar1a,0
abl1,pten,0
abl1,rab7,0
abl1,raptor,0
abl1,rheb,0
abl1,rorc,0
abl1,rps6kb1,0
abl1,sac,0
abl1,snx13,0
abl1,src,1
abl1,stk11,0
abl1,sts1,0
abl1,syt1,0
abl1,tgm2,0
abl1,tnf,0
abl1,tnfrsf5,0
abl1,tnfrsf6,0
abl1,tnfsf5,0
abl1,tsc1,0
abl1,ulk1,0
abl1,uvrag,0
arh,atp8a2,0
arh,bcl2l11,0
arh,bcr,0
arh,casp-3,0
arh,ccr5,0
arh,cd33,0
arh,cd4,0
arh,cdc2,0
arh,cdc25c,0
arh,cdk5r2,0
arh,cdkn1a,0
arh,cdkn1b,0
arh,cflar,0
arh,chek2,0
arh,chuk,0
arh,cldn5,0
arh,cxcr4,0
arh,dnch1,0
arh,egf,0
arh,egfr,0
arh,eif4ebp1,0
arh,eif4g1,0
arh,eif4g2,0
arh,elf3,0
arh,elf4,0
arh,epha3,0
arh,ern1,0
arh,fadd,0
arh,fpr1,0
arh,gabarap,0
arh,gapd,0
arh,gas2,0
arh,gclc,0
arh,gng11,0
arh,gsk3b,0
arh,hdac9,0
arh,hoxa1,0
arh,hspca,0
arh,ifnalpha,0
arh,ifng,0
arh,ikbkb,0
arh,il2,0
arh,lamp2,1
arh,lck,0
arh,map2k1,0
arh,mapk14,0
arh,mapk8,0
arh,mdcr,0
arh,msh2,0
arh,mtb,0
arh,pax2,0
arh,pbx1,0
arh,pdcd8,0
arh,pik3c3,0
arh,pik3ca,0
arh,pitx2,0
arh,pmaip1,0
arh,prkaa2,0
arh,prkar1a,0
arh,pten,0
arh,rab7,0
arh,raptor,0
arh,rheb,0
arh,rorc,0
arh,rps6kb1,0
arh,sac,1
arh,snx13,1
arh,src,0
arh,stk11,0
arh,sts1,0
arh,syt1,0
arh,tgm2,0
arh,tnf,0
arh,tnfrsf5,0
arh,tnfrsf6,0
arh,tnfsf5,0
arh,tsc1,0
arh,ulk1,0
arh,uvrag,0
atp8a2,bcl2l11,0
atp8a2,bcr,0
atp8a2,casp-3,0
atp8a2,ccr5,0
atp8a2,cd33,0
atp8a2,cd4,0
atp8a2,cdc2,0
atp8a2,cdc25c,0
atp8a2,cdk5r2,0
atp8a2,cdkn1a,0
atp8a2,cdkn1b,0
atp8a2,cflar,0
atp8a2,chek2,0
atp8a2,chuk,0
atp8a2,cldn5,0
atp8a2,cxcr4,0
atp8a2,dnch1,0
atp8a2,egf,0
atp8a2,egfr,0
atp8a2,eif4ebp1,0
atp8a2,eif4g1,0
atp8a2,eif4g2,0
atp8a2,elf3,0
atp8a2,elf4,0
atp8a2,epha3,0
atp8a2,ern1,0
atp8a2,fadd,0
atp8a2,fpr1,0
atp8a2,gabarap,0
atp8a2,gapd,0
atp8a2,gas2,0
atp8a2,gclc,0
atp8a2,gng11,0
atp8a2,gsk3b,0
atp8a2,hdac9,0
atp8a2,hoxa1,0
atp8a2,hspca,0
atp8a2,ifnalpha,0
atp8a2,ifng,0
atp8a2,ikbkb,0
atp8a2,il2,0
atp8a2,lamp2,0
atp8a2,lck,0
atp8a2,map2k1,0
atp8a2,mapk14,0
atp8a2,mapk8,0
atp8a2,mdcr,0
atp8a2,msh2,0
atp8a2,mtb,0
atp8a2,pax2,0
atp8a2,pbx1,0
atp8a2,pdcd8,0
atp8a2,pik3c3,0
atp8a2,pik3ca,0
atp8a2,pitx2,0
atp8a2,pmaip1,0
atp8a2,prkaa2,0
atp8a2,prkar1a,0
atp8a2,pten,0
atp8a2,rab7,0
atp8a2,raptor,0
atp8a2,rheb,0
atp8a2,rorc,0
atp8a2,rps6kb1,0
atp8a2,sac,0
atp8a2,snx13,0
atp8a2,src,0
atp8a2,stk11,0
atp8a2,sts1,0
atp8a2,syt1,0
atp8a2,tgm2,0
atp8a2,tnf,0
atp8a2,tnfrsf5,0
atp8a2,tnfrsf6,0
atp8a2,tnfsf5,0
atp8a2,tsc1,0
atp8a2,ulk1,0
atp8a2,uvrag,0
bcl2l11,bcr,0
bcl2l11,casp-3,0
bcl2l11,ccr5,0
bcl2l11,cd33,0
bcl2l11,cd4,0
bcl2l11,cdc2,0
bcl2l11,cdc25c,0
bcl2l11,cdk5r2,0
bcl2l11,cdkn1a,0
bcl2l11,cdkn1b,0
bcl2l11,cflar,0
bcl2l11,chek2,0
bcl2l11,chuk,0
bcl2l11,cldn5,0
bcl2l11,cxcr4,0
bcl2l11,dnch1,0
bcl2l11,egf,0
bcl2l11,egfr,0
bcl2l11,eif4ebp1,0
bcl2l11,eif4g1,0
bcl2l11,eif4g2,0
bcl2l11,elf3,0
bcl2l11,elf4,0
bcl2l11,epha3,0
bcl2l11,ern1,0
bcl2l11,fadd,0
bcl2l11,fpr1,0
bcl2l11,gabarap,0
bcl2l11,gapd,0
bcl2l11,gas2,0
bcl2l11,gclc,0
bcl2l11,gng11,0
bcl2l11,gsk3b,0
bcl2l11,hdac9,0
bcl2l11,hoxa1,0
bcl2l11,hspca,0
bcl2l11,ifnalpha,0
bcl2l11,ifng,0
bcl2l11,ikbkb,0
bcl2l11,il2,0
bcl2l11,lamp2,0
bcl2l11,lck,0
bcl2l11,map2k1,0
bcl2l11,mapk14,0
bcl2l11,mapk8,0
bcl2l11,mdcr,0
bcl2l11,msh2,0
bcl2l11,mtb,0
bcl2l11,pax2,0
bcl2l11,pbx1,0
bcl2l11,pdcd8,0
bcl2l11,pik3c3,0
bcl2l11,pik3ca,0
bcl2l11,pitx2,0
bcl2l11,pmaip1,0
bcl2l11,prkaa2,0
bcl2l11,prkar1a,0
bcl2l11,pten,0
bcl2l11,rab7,0
bcl2l11,raptor,0
bcl2l11,rheb,0
bcl2l11,rorc,0
bcl2l11,rps6kb1,0
bcl2l11,sac,0
bcl2l11,snx13,0
bcl2l11,src,0
bcl2l11,stk11,0
bcl2l11,sts1,0
bcl2l11,syt1,0
bcl2l11,tgm2,0
bcl2l11,tnf,0
bcl2l11,tnfrsf5,0
bcl2l11,tnfrsf6,0
bcl2l11,tnfsf5,0
bcl2l11,tsc1,0
bcl2l11,ulk1,0
bcl2l11,uvrag,0
bcr,casp-3,0
bcr,ccr5,0
bcr,cd33,0
bcr,cd4,0
bcr,cdc2,0
bcr,cdc25c,0
bcr,cdk5r2,0
bcr,cdkn1a,0
bcr,cdkn1b,0
bcr,cflar,0
bcr,chek2,0
bcr,chuk,0
bcr,cldn5,0
bcr,cxcr4,0
bcr,dnch1,0
bcr,egf,0
bcr,egfr,0
bcr,eif4ebp1,0
bcr,eif4g1,0
bcr,eif4g2,0
bcr,elf3,0
bcr,elf4,0
bcr,epha3,0
bcr,ern1,0
bcr,fadd,0
bcr,fpr1,0
bcr,gabarap,0
bcr,gapd,0
bcr,gas2,0
bcr,gclc,0
bcr,gng11,0
bcr,gsk3b,0
bcr,hdac9,0
bcr,hoxa1,0
bcr,hspca,0
bcr,ifnalpha,0
bcr,ifng,0
bcr,ikbkb,0
bcr,il2,0
bcr,lamp2,0
bcr,lck,0
bcr,map2k1,0
bcr,mapk14,0
bcr,mapk8,0
bcr,mdcr,0
bcr,msh2,0
bcr,mtb,0
bcr,pax2,0
bcr,pbx1,0
bcr,pdcd8,0
bcr,pik3c3,0
bcr,pik3ca,0
bcr,pitx2,0
bcr,pmaip1,0
bcr,prkaa2,0
bcr,prkar1a,0
bcr,pten,0
bcr,rab7,0
bcr,raptor,0
bcr,rheb,0
bcr,rorc,0
bcr,rps6kb1,0
bcr,sac,0
bcr,snx13,0
bcr,src,0
bcr,stk11,0
bcr,sts1,0
bcr,syt1,0
bcr,tgm2,0
bcr,tnf,0
bcr,tnfrsf5,0
bcr,tnfrsf6,0
bcr,tnfsf5,0
bcr,tsc1,0
bcr,ulk1,0
bcr,uvrag,0
casp-3,ccr5,0
casp-3,cd33,0
casp-3,cd4,0
casp-3,cdc2,0
casp-3,cdc25c,0
casp-3,cdk5r2,0
casp-3,cdkn1a,0
casp-3,cdkn1b,0
casp-3,cflar,0
casp-3,chek2,0
casp-3,chuk,0
casp-3,cldn5,0
casp-3,cxcr4,0
casp-3,dnch1,0
casp-3,egf,0
casp-3,egfr,0
casp-3,eif4ebp1,0
casp-3,eif4g1,0
casp-3,eif4g2,0
casp-3,elf3,0
casp-3,elf4,0
casp-3,epha3,0
casp-3,ern1,0
casp-3,fadd,0
casp-3,fpr1,0
casp-3,gabarap,0
casp-3,gapd,0
casp-3,gas2,0
casp-3,gclc,0
casp-3,gng11,0
casp-3,gsk3b,0
casp-3,hdac9,0
casp-3,hoxa1,0
casp-3,hspca,0
casp-3,ifnalpha,0
casp-3,ifng,0
casp-3,ikbkb,0
casp-3,il2,0
casp-3,lamp2,0
casp-3,lck,0
casp-3,map2k1,0
casp-3,mapk14,0
casp-3,mapk8,0
casp-3,mdcr,0
casp-3,msh2,0
casp-3,mtb,0
casp-3,pax2,0
casp-3,pbx1,0
casp-3,pdcd8,0
casp-3,pik3c3,0
casp-3,pik3ca,0
casp-3,pitx2,0
casp-3,pmaip1,0
casp-3,prkaa2,0
casp-3,prkar1a,0
casp-3,pten,0
casp-3,rab7,0
casp-3,raptor,0
casp-3,rheb,0
casp-3,rorc,0
casp-3,rps6kb1,0
casp-3,sac,0
casp-3,snx13,0
casp-3,src,0
casp-3,stk11,0
casp-3,sts1,0
casp-3,syt1,0
casp-3,tgm2,0
casp-3,tnf,0
casp-3,tnfrsf5,0
casp-3,tnfrsf6,0
casp-3,tnfsf5,0
casp-3,tsc1,0
casp-3,ulk1,0
casp-3,uvrag,0
ccr5,cd33,0
ccr5,cd4,1
ccr5,cdc2,0
ccr5,cdc25c,0
ccr5,cdk5r2,0
ccr5,cdkn1a,0
ccr5,cdkn1b,0
ccr5,cflar,0
ccr5,chek2,0
ccr5,chuk,0
ccr5,cldn5,0
ccr5,cxcr4,0
ccr5,dnch1,0
ccr5,egf,0
ccr5,egfr,0
ccr5,eif4ebp1,0
ccr5,eif4g1,0
ccr5,eif4g2,0
ccr5,elf3,0
ccr5,elf4,0
ccr5,epha3,0
ccr5,ern1,0
ccr5,fadd,1
ccr5,fpr1,0
ccr5,gabarap,1
ccr5,gapd,0
ccr5,gas2,0
ccr5,gclc,0
ccr5,gng11,0
ccr5,gsk3b,0
ccr5,hdac9,0
ccr5,hoxa1,0
ccr5,hspca,0
ccr5,ifnalpha,0
ccr5,ifng,0
ccr5,ikbkb,0
ccr5,il2,0
ccr5,lamp2,0
ccr5,lck,0
ccr5,map2k1,0
ccr5,mapk14,0
ccr5,mapk8,0
ccr5,mdcr,0
ccr5,msh2,0
ccr5,mtb,0
ccr5,pax2,0
ccr5,pbx1,0
ccr5,pdcd8,0
ccr5,pik3c3,0
ccr5,pik3ca,0
ccr5,pitx2,0
ccr5,pmaip1,0
ccr5,prkaa2,0
ccr5,prkar1a,0
ccr5,pten,0
ccr5,rab7,1
ccr5,raptor,0
ccr5,rheb,0
ccr5,rorc,0
ccr5,rps6kb1,0
ccr5,sac,0
ccr5,snx13,0
ccr5,src,0
ccr5,stk11,0
ccr5,sts1,0
ccr5,syt1,0
ccr5,tgm2,0
ccr5,tnf,0
ccr5,tnfrsf5,0
ccr5,tnfrsf6,0
ccr5,tnfsf5,0
ccr5,tsc1,0
ccr5,ulk1,0
ccr5,uvrag,1
cd33,cd4,0
cd33,cdc2,0
cd33,cdc25c,0
cd33,cdk5r2,0
cd33,cdkn1a,0
cd33,cdkn1b,0
cd33,cflar,0
cd33,chek2,0
cd33,chuk,0
cd33,cldn5,0
cd33,cxcr4,0
cd33,dnch1,0
cd33,egf,0
cd33,egfr,0
cd33,eif4ebp1,0
cd33,eif4g1,0
cd33,eif4g2,0
cd33,elf3,0
cd33,elf4,0
cd33,epha3,0
cd33,ern1,0
cd33,fadd,0
cd33,fpr1,0
cd33,gabarap,0
cd33,gapd,0
cd33,gas2,0
cd33,gclc,0
cd33,gng11,0
cd33,gsk3b,0
cd33,hdac9,0
cd33,hoxa1,0
cd33,hspca,0
cd33,ifnalpha,0
cd33,ifng,0
cd33,ikbkb,0
cd33,il2,0
cd33,lamp2,0
cd33,lck,0
cd33,map2k1,0
cd33,mapk14,0
cd33,mapk8,0
cd33,mdcr,0
cd33,msh2,0
cd33,mtb,0
cd33,pax2,0
cd33,pbx1,0
cd33,pdcd8,0
cd33,pik3c3,0
cd33,pik3ca,0
cd33,pitx2,0
cd33,pmaip1,0
cd33,prkaa2,0
cd33,prkar1a,0
cd33,pten,0
cd33,rab7,0
cd33,raptor,0
cd33,rheb,0
cd33,rorc,0
cd33,rps6kb1,0
cd33,sac,0
cd33,snx13,0
cd33,src,0
cd33,stk11,0
cd33,sts1,0
cd33,syt1,0
cd33,tgm2,0
cd33,tnf,0
cd33,tnfrsf5,0
cd33,tnfrsf6,0
cd33,tnfsf5,0
cd33,tsc1,0
cd33,ulk1,0
cd33,uvrag,0
cd4,cdc2,0
cd4,cdc25c,0
cd4,cdk5r2,0
cd4,cdkn1a,0
cd4,cdkn1b,0
cd4,cflar,0
cd4,chek2,0
cd4,chuk,0
cd4,cldn5,0
cd4,cxcr4,1
cd4,dnch1,0
cd4,egf,0
cd4,egfr,0
cd4,eif4ebp1,0
cd4,eif4g1,0
cd4,eif4g2,0
cd4,elf3,0
cd4,elf4,0
cd4,epha3,0
cd4,ern1,0
cd4,fadd,3
cd4,fpr1,0
cd4,gabarap,1
cd4,gapd,0
cd4,gas2,0
cd4,gclc,0
cd4,gng11,0
cd4,gsk3b,0
cd4,hdac9,0
cd4,hoxa1,0
cd4,hspca,0
cd4,ifnalpha,0
cd4,ifng,0
cd4,ikbkb,0
cd4,il2,0
cd4,lamp2,0
cd4,lck,0
cd4,map2k1,0
cd4,mapk14,0
cd4,mapk8,0
cd4,mdcr,0
cd4,msh2,0
cd4,mtb,0
cd4,pax2,0
cd4,pbx1,0
cd4,pdcd8,0
cd4,pik3c3,0
cd4,pik3ca,0
cd4,pitx2,0
cd4,pmaip1,0
cd4,prkaa2,0
cd4,prkar1a,0
cd4,pten,0
cd4,rab7,1
cd4,raptor,0
cd4,rheb,0
cd4,rorc,0
cd4,rps6kb1,0
cd4,sac,0
cd4,snx13,0
cd4,src,0
cd4,stk11,0
cd4,sts1,0
cd4,syt1,0
cd4,tgm2,0
cd4,tnf,1
cd4,tnfrsf5,0
cd4,tnfrsf6,0
cd4,tnfsf5,0
cd4,tsc1,0
cd4,ulk1,0
cd4,uvrag,1
cdc2,cdc25c,1
cdc2,cdk5r2,0
cdc2,cdkn1a,0
cdc2,cdkn1b,0
cdc2,cflar,0
cdc2,chek2,0
cdc2,chuk,0
cdc2,cldn5,0
cdc2,cxcr4,0
cdc2,dnch1,0
cdc2,egf,0
cdc2,egfr,0
cdc2,eif4ebp1,0
cdc2,eif4g1,0
cdc2,eif4g2,0
cdc2,elf3,0
cdc2,elf4,0
cdc2,epha3,0
cdc2,ern1,0
cdc2,fadd,0
cdc2,fpr1,0
cdc2,gabarap,1
cdc2,gapd,0
cdc2,gas2,0
cdc2,gclc,0
cdc2,gng11,0
cdc2,gsk3b,0
cdc2,hdac9,0
cdc2,hoxa1,0
cdc2,hspca,0
cdc2,ifnalpha,0
cdc2,ifng,0
cdc2,ikbkb,0
cdc2,il2,0
cdc2,lamp2,0
cdc2,lck,0
cdc2,map2k1,0
cdc2,mapk14,0
cdc2,mapk8,0
cdc2,mdcr,0
cdc2,msh2,0
cdc2,mtb,0
cdc2,pax2,0
cdc2,pbx1,0
cdc2,pdcd8,0
cdc2,pik3c3,0
cdc2,pik3ca,0
cdc2,pitx2,0
cdc2,pmaip1,0
cdc2,prkaa2,0
cdc2,prkar1a,0
cdc2,pten,0
cdc2,rab7,0
cdc2,raptor,0
cdc2,rheb,0
cdc2,rorc,0
cdc2,rps6kb1,0
cdc2,sac,0
cdc2,snx13,0
cdc2,src,0
cdc2,stk11,0
cdc2,sts1,0
cdc2,syt1,0
cdc2,tgm2,0
cdc2,tnf,0
cdc2,tnfrsf5,0
cdc2,tnfrsf6,0
cdc2,tnfsf5,0
cdc2,tsc1,0
cdc2,ulk1,1
cdc2,uvrag,0
cdc25c,cdk5r2,0
cdc25c,cdkn1a,0
cdc25c,cdkn1b,0
cdc25c,cflar,0
cdc25c,chek2,0
cdc25c,chuk,0
cdc25c,cldn5,0
cdc25c,cxcr4,0
cdc25c,dnch1,0
cdc25c,egf,0
cdc25c,egfr,0
cdc25c,eif4ebp1,0
cdc25c,eif4g1,0
cdc25c,eif4g2,0
cdc25c,elf3,0
cdc25c,elf4,0
cdc25c,epha3,0
cdc25c,ern1,0
cdc25c,fadd,0
cdc25c,fpr1,0
cdc25c,gabarap,0
cdc25c,gapd,0
cdc25c,gas2,0
cdc25c,gclc,0
cdc25c,gng11,0
cdc25c,gsk3b,0
cdc25c,hdac9,0
cdc25c,hoxa1,0
cdc25c,hspca,0
cdc25c,ifnalpha,0
cdc25c,ifng,0
cdc25c,ikbkb,0
cdc25c,il2,0
cdc25c,lamp2,0
cdc25c,lck,0
cdc25c,map2k1,0
cdc25c,mapk14,0
cdc25c,mapk8,0
cdc25c,mdcr,0
cdc25c,msh2,0
cdc25c,mtb,0
cdc25c,pax2,0
cdc25c,pbx1,0
cdc25c,pdcd8,0
cdc25c,pik3c3,0
cdc25c,pik3ca,0
cdc25c,pitx2,0
cdc25c,pmaip1,0
cdc25c,prkaa2,0
cdc25c,prkar1a,0
cdc25c,pten,0
cdc25c,rab7,0
cdc25c,raptor,0
cdc25c,rheb,0
cdc25c,rorc,0
cdc25c,rps6kb1,0
cdc25c,sac,0
cdc25c,snx13,0
cdc25c,src,0
cdc25c,stk11,0
cdc25c,sts1,0
cdc25c,syt1,0
cdc25c,tgm2,0
cdc25c,tnf,0
cdc25c,tnfrsf5,0
cdc25c,tnfrsf6,0
cdc25c,tnfsf5,0
cdc25c,tsc1,0
cdc25c,ulk1,0
cdc25c,uvrag,0
cdk5r2,cdkn1a,0
cdk5r2,cdkn1b,0
cdk5r2,cflar,0
cdk5r2,chek2,0
cdk5r2,chuk,0
cdk5r2,cldn5,0
cdk5r2,cxcr4,0
cdk5r2,dnch1,0
cdk5r2,egf,0
cdk5r2,egfr,0
cdk5r2,eif4ebp1,0
cdk5r2,eif4g1,0
cdk5r2,eif4g2,0
cdk5r2,elf3,0
cdk5r2,elf4,0
cdk5r2,epha3,0
cdk5r2,ern1,0
cdk5r2,fadd,0
cdk5r2,fpr1,0
cdk5r2,gabarap,0
cdk5r2,gapd,0
cdk5r2,gas2,0
cdk5r2,gclc,0
cdk5r2,gng11,0
cdk5r2,gsk3b,0
cdk5r2,hdac9,0
cdk5r2,hoxa1,0
cdk5r2,hspca,0
cdk5r2,ifnalpha,0
cdk5r2,ifng,0
cdk5r2,ikbkb,0
cdk5r2,il2,0
cdk5r2,lamp2,0
cdk5r2,lck,0
cdk5r2,map2k1,0
cdk5r2,mapk14,0
cdk5r2,mapk8,0
cdk5r2,mdcr,0
cdk5r2,msh2,0
cdk5r2,mtb,0
cdk5r2,pax2,0
cdk5r2,pbx1,0
cdk5r2,pdcd8,0
cdk5r2,pik3c3,0
cdk5r2,pik3ca,0
cdk5r2,pitx2,0
cdk5r2,pmaip1,0
cdk5r2,prkaa2,0
cdk5r2,prkar1a,0
cdk5r2,pten,0
cdk5r2,rab7,0
cdk5r2,raptor,0
cdk5r2,rheb,0
cdk5r2,rorc,0
cdk5r2,rps6kb1,0
cdk5r2,sac,0
cdk5r2,snx13,0
cdk5r2,src,0
cdk5r2,stk11,0
cdk5r2,sts1,0
cdk5r2,syt1,0
cdk5r2,tgm2,0
cdk5r2,tnf,0
cdk5r2,tnfrsf5,0
cdk5r2,tnfrsf6,0
cdk5r2,tnfsf5,0
cdk5r2,tsc1,0
cdk5r2,ulk1,0
cdk5r2,uvrag,0
cdkn1a,cdkn1b,0
cdkn1a,cflar,0
cdkn1a,chek2,0
cdkn1a,chuk,0
cdkn1a,cldn5,0
cdkn1a,cxcr4,0
cdkn1a,dnch1,0
cdkn1a,egf,0
cdkn1a,egfr,0
cdkn1a,eif4ebp1,0
cdkn1a,eif4g1,0
cdkn1a,eif4g2,0
cdkn1a,elf3,0
cdkn1a,elf4,0
cdkn1a,epha3,0
cdkn1a,ern1,0
cdkn1a,fadd,0
cdkn1a,fpr1,0
cdkn1a,gabarap,0
cdkn1a,gapd,0
cdkn1a,gas2,0
cdkn1a,gclc,0
cdkn1a,gng11,0
cdkn1a,gsk3b,0
cdkn1a,hdac9,0
cdkn1a,hoxa1,0
cdkn1a,hspca,0
cdkn1a,ifnalpha,0
cdkn1a,ifng,0
cdkn1a,ikbkb,0
cdkn1a,il2,0
cdkn1a,lamp2,0
cdkn1a,lck,0
cdkn1a,map2k1,0
cdkn1a,mapk14,0
cdkn1a,mapk8,0
cdkn1a,mdcr,0
cdkn1a,msh2,0
cdkn1a,mtb,0
cdkn1a,pax2,0
cdkn1a,pbx1,0
cdkn1a,pdcd8,0
cdkn1a,pik3c3,0
cdkn1a,pik3ca,0
cdkn1a,pitx2,0
cdkn1a,pmaip1,0
cdkn1a,prkaa2,0
cdkn1a,prkar1a,0
cdkn1a,pten,0
cdkn1a,rab7,0
cdkn1a,raptor,0
cdkn1a,rheb,0
cdkn1a,rorc,0
cdkn1a,rps6kb1,0
cdkn1a,sac,0
cdkn1a,snx13,0
cdkn1a,src,0
cdkn1a,stk11,0
cdkn1a,sts1,0
cdkn1a,syt1,0
cdkn1a,tgm2,0
cdkn1a,tnf,0
cdkn1a,tnfrsf5,0
cdkn1a,tnfrsf6,0
cdkn1a,tnfsf5,0
cdkn1a,tsc1,0
cdkn1a,ulk1,0
cdkn1a,uvrag,0
cdkn1b,cflar,0
cdkn1b,chek2,0
cdkn1b,chuk,0
cdkn1b,cldn5,0
cdkn1b,cxcr4,0
cdkn1b,dnch1,0
cdkn1b,egf,0
cdkn1b,egfr,0
cdkn1b,eif4ebp1,0
cdkn1b,eif4g1,0
cdkn1b,eif4g2,0
cdkn1b,elf3,0
cdkn1b,elf4,0
cdkn1b,epha3,0
cdkn1b,ern1,0
cdkn1b,fadd,0
cdkn1b,fpr1,0
cdkn1b,gabarap,0
cdkn1b,gapd,0
cdkn1b,gas2,0
cdkn1b,gclc,0
cdkn1b,gng11,0
cdkn1b,gsk3b,0
cdkn1b,hdac9,0
cdkn1b,hoxa1,0
cdkn1b,hspca,0
cdkn1b,ifnalpha,0
cdkn1b,ifng,0
cdkn1b,ikbkb,0
cdkn1b,il2,0
cdkn1b,lamp2,0
cdkn1b,lck,0
cdkn1b,map2k1,0
cdkn1b,mapk14,0
cdkn1b,mapk8,0
cdkn1b,mdcr,0
cdkn1b,msh2,0
cdkn1b,mtb,0
cdkn1b,pax2,0
cdkn1b,pbx1,0
cdkn1b,pdcd8,0
cdkn1b,pik3c3,0
cdkn1b,pik3ca,0
cdkn1b,pitx2,0
cdkn1b,pmaip1,0
cdkn1b,prkaa2,0
cdkn1b,prkar1a,0
cdkn1b,pten,0
cdkn1b,rab7,0
cdkn1b,raptor,0
cdkn1b,rheb,0
cdkn1b,rorc,0
cdkn1b,rps6kb1,0
cdkn1b,sac,0
cdkn1b,snx13,0
cdkn1b,src,0
cdkn1b,stk11,0
cdkn1b,sts1,0
cdkn1b,syt1,0
cdkn1b,tgm2,0
cdkn1b,tnf,0
cdkn1b,tnfrsf5,0
cdkn1b,tnfrsf6,0
cdkn1b,tnfsf5,0
cdkn1b,tsc1,0
cdkn1b,ulk1,0
cdkn1b,uvrag,0
cflar,chek2,0
cflar,chuk,0
cflar,cldn5,0
cflar,cxcr4,0
cflar,dnch1,0
cflar,egf,0
cflar,egfr,0
cflar,eif4ebp1,0
cflar,eif4g1,0
cflar,eif4g2,0
cflar,elf3,0
cflar,elf4,0
cflar,epha3,0
cflar,ern1,0
cflar,fadd,0
cflar,fpr1,0
cflar,gabarap,0
cflar,gapd,0
cflar,gas2,0
cflar,gclc,0
cflar,gng11,0
cflar,gsk3b,0
cflar,hdac9,0
cflar,hoxa1,0
cflar,hspca,0
cflar,ifnalpha,0
cflar,ifng,0
cflar,ikbkb,0
cflar,il2,0
cflar,lamp2,0
cflar,lck,0
cflar,map2k1,0
cflar,mapk14,0
cflar,mapk8,0
cflar,mdcr,0
cflar,msh2,0
cflar,mtb,0
cflar,pax2,0
cflar,pbx1,0
cflar,pdcd8,0
cflar,pik3c3,0
cflar,pik3ca,0
cflar,pitx2,0
cflar,pmaip1,0
cflar,prkaa2,0
cflar,prkar1a,0
cflar,pten,0
cflar,rab7,0
cflar,raptor,0
cflar,rheb,0
cflar,rorc,0
cflar,rps6kb1,0
cflar,sac,0
cflar,snx13,0
cflar,src,0
cflar,stk11,0
cflar,sts1,0
cflar,syt1,0
cflar,tgm2,0
cflar,tnf,0
cflar,tnfrsf5,0
cflar,tnfrsf6,0
cflar,tnfsf5,0
cflar,tsc1,0
cflar,ulk1,0
cflar,uvrag,0
chek2,chuk,0
chek2,cldn5,0
chek2,cxcr4,0
chek2,dnch1,0
chek2,egf,0
chek2,egfr,0
chek2,eif4ebp1,0
chek2,eif4g1,0
chek2,eif4g2,0
chek2,elf3,0
chek2,elf4,0
chek2,epha3,0
chek2,ern1,0
chek2,fadd,0
chek2,fpr1,0
chek2,gabarap,0
chek2,gapd,0
chek2,gas2,0
chek2,gclc,0
chek2,gng11,0
chek2,gsk3b,0
chek2,hdac9,0
chek2,hoxa1,0
chek2,hspca,0
chek2,ifnalpha,0
chek2,ifng,0
chek2,ikbkb,0
chek2,il2,0
chek2,lamp2,0
chek2,lck,0
chek2,map2k1,0
chek2,mapk14,0
chek2,mapk8,0
chek2,mdcr,0
chek2,msh2,0
chek2,mtb,0
chek2,pax2,0
chek2,pbx1,0
chek2,pdcd8,0
chek2,pik3c3,0
chek2,pik3ca,0
chek2,pitx2,0
chek2,pmaip1,0
chek2,prkaa2,0
chek2,prkar1a,0
chek2,pten,0
chek2,rab7,0
chek2,raptor,0
chek2,rheb,0
chek2,rorc,0
chek2,rps6kb1,0
chek2,sac,0
chek2,snx13,0
chek2,src,0
chek2,stk11,0
chek2,sts1,0
chek2,syt1,0
chek2,tgm2,0
chek2,tnf,0
chek2,tnfrsf5,0
chek2,tnfrsf6,0
chek2,tnfsf5,0
chek2,tsc1,0
chek2,ulk1,0
chek2,uvrag,0
chuk,cldn5,0
chuk,cxcr4,0
chuk,dnch1,0
chuk,egf,0
chuk,egfr,0
chuk,eif4ebp1,0
chuk,eif4g1,0
chuk,eif4g2,0
chuk,elf3,0
chuk,elf4,0
chuk,epha3,0
chuk,ern1,0
chuk,fadd,0
chuk,fpr1,0
chuk,gabarap,0
chuk,gapd,0
chuk,gas2,0
chuk,gclc,0
chuk,gng11,0
chuk,gsk3b,0
chuk,hdac9,0
chuk,hoxa1,0
chuk,hspca,0
chuk,ifnalpha,0
chuk,ifng,0
chuk,ikbkb,0
chuk,il2,0
chuk,lamp2,0
chuk,lck,0
chuk,map2k1,0
chuk,mapk14,0
chuk,mapk8,0
chuk,mdcr,0
chuk,msh2,0
chuk,mtb,0
chuk,pax2,0
chuk,pbx1,0
chuk,pdcd8,0
chuk,pik3c3,0
chuk,pik3ca,0
chuk,pitx2,0
chuk,pmaip1,0
chuk,prkaa2,0
chuk,prkar1a,0
chuk,pten,0
chuk,rab7,0
chuk,raptor,0
chuk,rheb,0
chuk,rorc,0
chuk,rps6kb1,0
chuk,sac,0
chuk,snx13,0
chuk,src,0
chuk,stk11,0
chuk,sts1,0
chuk,syt1,0
chuk,tgm2,0
chuk,tnf,0
chuk,tnfrsf5,0
chuk,tnfrsf6,0
chuk,tnfsf5,0
chuk,tsc1,0
chuk,ulk1,0
chuk,uvrag,0
cldn5,cxcr4,0
cldn5,dnch1,0
cldn5,egf,0
cldn5,egfr,0
cldn5,eif4ebp1,0
cldn5,eif4g1,0
cldn5,eif4g2,0
cldn5,elf3,0
cldn5,elf4,0
cldn5,epha3,0
cldn5,ern1,0
cldn5,fadd,0
cldn5,fpr1,0
cldn5,gabarap,0
cldn5,gapd,0
cldn5,gas2,0
cldn5,gclc,0
cldn5,gng11,0
cldn5,gsk3b,0
cldn5,hdac9,0
cldn5,hoxa1,0
cldn5,hspca,0
cldn5,ifnalpha,0
cldn5,ifng,0
cldn5,ikbkb,0
cldn5,il2,0
cldn5,lamp2,0
cldn5,lck,0
cldn5,map2k1,0
cldn5,mapk14,0
cldn5,mapk8,0
cldn5,mdcr,0
cldn5,msh2,0
cldn5,mtb,0
cldn5,pax2,0
cldn5,pbx1,0
cldn5,pdcd8,0
cldn5,pik3c3,0
cldn5,pik3ca,0
cldn5,pitx2,0
cldn5,pmaip1,0
cldn5,prkaa2,0
cldn5,prkar1a,0
cldn5,pten,0
cldn5,rab7,0
cldn5,raptor,0
cldn5,rheb,0
cldn5,rorc,0
cldn5,rps6kb1,0
cldn5,sac,0
cldn5,snx13,0
cldn5,src,0
cldn5,stk11,0
cldn5,sts1,0
cldn5,syt1,0
cldn5,tgm2,0
cldn5,tnf,0
cldn5,tnfrsf5,0
cldn5,tnfrsf6,0
cldn5,tnfsf5,0
cldn5,tsc1,0
cldn5,ulk1,0
cldn5,uvrag,0
cxcr4,dnch1,0
cxcr4,egf,0
cxcr4,egfr,0
cxcr4,eif4ebp1,0
cxcr4,eif4g1,0
cxcr4,eif4g2,0
cxcr4,elf3,0
cxcr4,elf4,0
cxcr4,epha3,0
cxcr4,ern1,0
cxcr4,fadd,0
cxcr4,fpr1,0
cxcr4,gabarap,0
cxcr4,gapd,0
cxcr4,gas2,0
cxcr4,gclc,0
cxcr4,gng11,0
cxcr4,gsk3b,0
cxcr4,hdac9,0
cxcr4,hoxa1,0
cxcr4,hspca,0
cxcr4,ifnalpha,0
cxcr4,ifng,0
cxcr4,ikbkb,0
cxcr4,il2,0
cxcr4,lamp2,0
cxcr4,lck,0
cxcr4,map2k1,0
cxcr4,mapk14,0
cxcr4,mapk8,0
cxcr4,mdcr,0
cxcr4,msh2,0
cxcr4,mtb,0
cxcr4,pax2,0
cxcr4,pbx1,0
cxcr4,pdcd8,0
cxcr4,pik3c3,0
cxcr4,pik3ca,0
cxcr4,pitx2,0
cxcr4,pmaip1,0
cxcr4,prkaa2,0
cxcr4,prkar1a,0
cxcr4,pten,0
cxcr4,rab7,0
cxcr4,raptor,0
cxcr4,rheb,0
cxcr4,rorc,0
cxcr4,rps6kb1,0
cxcr4,sac,0
cxcr4,snx13,0
cxcr4,src,0
cxcr4,stk11,0
cxcr4,sts1,0
cxcr4,syt1,0
cxcr4,tgm2,0
cxcr4,tnf,0
cxcr4,tnfrsf5,0
cxcr4,tnfrsf6,0
cxcr4,tnfsf5,0
cxcr4,tsc1,0
cxcr4,ulk1,0
cxcr4,uvrag,0
dnch1,egf,0
dnch1,egfr,0
dnch1,eif4ebp1,0
dnch1,eif4g1,0
dnch1,eif4g2,0
dnch1,elf3,0
dnch1,elf4,0
dnch1,epha3,0
dnch1,ern1,0
dnch1,fadd,0
dnch1,fpr1,0
dnch1,gabarap,0
dnch1,gapd,0
dnch1,gas2,0
dnch1,gclc,0
dnch1,gng11,0
dnch1,gsk3b,0
dnch1,hdac9,0
dnch1,hoxa1,0
dnch1,hspca,0
dnch1,ifnalpha,0
dnch1,ifng,0
dnch1,ikbkb,0
dnch1,il2,0
dnch1,lamp2,0
dnch1,lck,0
dnch1,map2k1,0
dnch1,mapk14,0
dnch1,mapk8,0
dnch1,mdcr,0
dnch1,msh2,0
dnch1,mtb,0
dnch1,pax2,0
dnch1,pbx1,0
dnch1,pdcd8,0
dnch1,pik3c3,0
dnch1,pik3ca,0
dnch1,pitx2,0
dnch1,pmaip1,0
dnch1,prkaa2,0
dnch1,prkar1a,0
dnch1,pten,0
dnch1,rab7,0
dnch1,raptor,0
dnch1,rheb,0
dnch1,rorc,0
dnch1,rps6kb1,0
dnch1,sac,0
dnch1,snx13,0
dnch1,src,0
dnch1,stk11,0
dnch1,sts1,0
dnch1,syt1,0
dnch1,tgm2,0
dnch1,tnf,0
dnch1,tnfrsf5,0
dnch1,tnfrsf6,0
dnch1,tnfsf5,0
dnch1,tsc1,0
dnch1,ulk1,0
dnch1,uvrag,0
egf,egfr,2
egf,eif4ebp1,0
egf,eif4g1,0
egf,eif4g2,0
egf,elf3,0
egf,elf4,0
egf,epha3,0
egf,ern1,0
egf,fadd,1
egf,fpr1,0
egf,gabarap,0
egf,gapd,0
egf,gas2,0
egf,gclc,0
egf,gng11,0
egf,gsk3b,0
egf,hdac9,0
egf,hoxa1,0
egf,hspca,0
egf,ifnalpha,0
egf,ifng,0
egf,ikbkb,0
egf,il2,0
egf,lamp2,0
egf,lck,0
egf,map2k1,0
egf,mapk14,0
egf,mapk8,0
egf,mdcr,0
egf,msh2,0
egf,mtb,0
egf,pax2,1
egf,pbx1,0
egf,pdcd8,0
egf,pik3c3,0
egf,pik3ca,0
egf,pitx2,0
egf,pmaip1,0
egf,prkaa2,0
egf,prkar1a,0
egf,pten,1
egf,rab7,0
egf,raptor,0
egf,rheb,0
egf,rorc,0
egf,rps6kb1,0
egf,sac,0
egf,snx13,0
egf,src,2
egf,stk11,0
egf,sts1,0
egf,syt1,0
egf,tgm2,0
egf,tnf,1
egf,tnfrsf5,0
egf,tnfrsf6,0
egf,tnfsf5,0
egf,tsc1,0
egf,ulk1,0
egf,uvrag,0
egfr,eif4ebp1,0
egfr,eif4g1,0
egfr,eif4g2,0
egfr,elf3,0
egfr,elf4,0
egfr,epha3,0
egfr,ern1,0
egfr,fadd,0
egfr,fpr1,0
egfr,gabarap,0
egfr,gapd,0
egfr,gas2,0
egfr,gclc,0
egfr,gng11,0
egfr,gsk3b,0
egfr,hdac9,0
egfr,hoxa1,0
egfr,hspca,0
egfr,ifnalpha,0
egfr,ifng,0
egfr,ikbkb,0
egfr,il2,0
egfr,lamp2,0
egfr,lck,0
egfr,map2k1,0
egfr,mapk14,0
egfr,mapk8,0
egfr,mdcr,0
egfr,msh2,0
egfr,mtb,0
egfr,pax2,0
egfr,pbx1,0
egfr,pdcd8,0
egfr,pik3c3,0
egfr,pik3ca,0
egfr,pitx2,0
egfr,pmaip1,0
egfr,prkaa2,0
egfr,prkar1a,0
egfr,pten,1
egfr,rab7,0
egfr,raptor,1
egfr,rheb,1
egfr,rorc,0
egfr,rps6kb1,0
egfr,sac,0
egfr,snx13,0
egfr,src,1
egfr,stk11,0
egfr,sts1,0
egfr,syt1,0
egfr,tgm2,0
egfr,tnf,0
egfr,tnfrsf5,0
egfr,tnfrsf6,0
egfr,tnfsf5,0
egfr,tsc1,1
egfr,ulk1,0
egfr,uvrag,0
eif4ebp1,eif4g1,0
eif4ebp1,eif4g2,0
eif4ebp1,elf3,0
eif4ebp1,elf4,0
eif4ebp1,epha3,0
eif4ebp1,ern1,0
eif4ebp1,fadd,0
eif4ebp1,fpr1,0
eif4ebp1,gabarap,0
eif4ebp1,gapd,0
eif4ebp1,gas2,0
eif4ebp1,gclc,0
eif4ebp1,gng11,0
eif4ebp1,gsk3b,0
eif4ebp1,hdac9,0
eif4ebp1,hoxa1,0
eif4ebp1,hspca,0
eif4ebp1,ifnalpha,0
eif4ebp1,ifng,0
eif4ebp1,ikbkb,0
eif4ebp1,il2,0
eif4ebp1,lamp2,0
eif4ebp1,lck,0
eif4ebp1,map2k1,0
eif4ebp1,mapk14,0
eif4ebp1,mapk8,0
eif4ebp1,mdcr,0
eif4ebp1,msh2,0
eif4ebp1,mtb,0
eif4ebp1,pax2,0
eif4ebp1,pbx1,0
eif4ebp1,pdcd8,0
eif4ebp1,pik3c3,0
eif4ebp1,pik3ca,0
eif4ebp1,pitx2,0
eif4ebp1,pmaip1,0
eif4ebp1,prkaa2,0
eif4ebp1,prkar1a,0
eif4ebp1,pten,0
eif4ebp1,rab7,0
eif4ebp1,raptor,0
eif4ebp1,rheb,0
eif4ebp1,rorc,0
eif4ebp1,rps6kb1,0
eif4ebp1,sac,0
eif4ebp1,snx13,0
eif4ebp1,src,0
eif4ebp1,stk11,0
eif4ebp1,sts1,0
eif4ebp1,syt1,0
eif4ebp1,tgm2,0
eif4ebp1,tnf,0
eif4ebp1,tnfrsf5,0
eif4ebp1,tnfrsf6,0
eif4ebp1,tnfsf5,0
eif4ebp1,tsc1,0
eif4ebp1,ulk1,0
eif4ebp1,uvrag,0
eif4g1,eif4g2,0
eif4g1,elf3,0
eif4g1,elf4,0
eif4g1,epha3,0
eif4g1,ern1,0
eif4g1,fadd,0
eif4g1,fpr1,0
eif4g1,gabarap,0
eif4g1,gapd,0
eif4g1,gas2,0
eif4g1,gclc,0
eif4g1,gng11,0
eif4g1,gsk3b,0
eif4g1,hdac9,0
eif4g1,hoxa1,0
eif4g1,hspca,0
eif4g1,ifnalpha,0
eif4g1,ifng,0
eif4g1,ikbkb,0
eif4g1,il2,0
eif4g1,lamp2,0
eif4g1,lck,0
eif4g1,map2k1,0
eif4g1,mapk14,0
eif4g1,mapk8,0
eif4g1,mdcr,0
eif4g1,msh2,0
eif4g1,mtb,0
eif4g1,pax2,0
eif4g1,pbx1,0
eif4g1,pdcd8,0
eif4g1,pik3c3,0
eif4g1,pik3ca,0
eif4g1,pitx2,0
eif4g1,pmaip1,0
eif4g1,prkaa2,0
eif4g1,prkar1a,0
eif4g1,pten,0
eif4g1,rab7,0
eif4g1,raptor,0
eif4g1,rheb,0
eif4g1,rorc,0
eif4g1,rps6kb1,0
eif4g1,sac,0
eif4g1,snx13,0
eif4g1,src,0
eif4g1,stk11,0
eif4g1,sts1,0
eif4g1,syt1,0
eif4g1,tgm2,0
eif4g1,tnf,0
eif4g1,tnfrsf5,0
eif4g1,tnfrsf6,0
eif4g1,tnfsf5,0
eif4g1,tsc1,0
eif4g1,ulk1,0
eif4g1,uvrag,0
eif4g2,elf3,0
eif4g2,elf4,0
eif4g2,epha3,0
eif4g2,ern1,0
eif4g2,fadd,0
eif4g2,fpr1,0
eif4g2,gabarap,0
eif4g2,gapd,0
eif4g2,gas2,0
eif4g2,gclc,0
eif4g2,gng11,0
eif4g2,gsk3b,0
eif4g2,hdac9,0
eif4g2,hoxa1,0
eif4g2,hspca,0
eif4g2,ifnalpha,0
eif4g2,ifng,0
eif4g2,ikbkb,0
eif4g2,il2,0
eif4g2,lamp2,0
eif4g2,lck,0
eif4g2,map2k1,0
eif4g2,mapk14,0
eif4g2,mapk8,0
eif4g2,mdcr,0
eif4g2,msh2,0
eif4g2,mtb,0
eif4g2,pax2,0
eif4g2,pbx1,0
eif4g2,pdcd8,0
eif4g2,pik3c3,0
eif4g2,pik3ca,0
eif4g2,pitx2,0
eif4g2,pmaip1,0
eif4g2,prkaa2,0
eif4g2,prkar1a,0
eif4g2,pten,0
eif4g2,rab7,0
eif4g2,raptor,0
eif4g2,rheb,0
eif4g2,rorc,0
eif4g2,rps6kb1,0
eif4g2,sac,0
eif4g2,snx13,0
eif4g2,src,0
eif4g2,stk11,0
eif4g2,sts1,0
eif4g2,syt1,0
eif4g2,tgm2,0
eif4g2,tnf,0
eif4g2,tnfrsf5,0
eif4g2,tnfrsf6,0
eif4g2,tnfsf5,0
eif4g2,tsc1,0
eif4g2,ulk1,0
eif4g2,uvrag,0
elf3,elf4,0
elf3,epha3,0
elf3,ern1,0
elf3,fadd,0
elf3,fpr1,0
elf3,gabarap,0
elf3,gapd,0
elf3,gas2,0
elf3,gclc,0
elf3,gng11,0
elf3,gsk3b,0
elf3,hdac9,0
elf3,hoxa1,0
elf3,hspca,0
elf3,ifnalpha,0
elf3,ifng,0
elf3,ikbkb,0
elf3,il2,0
elf3,lamp2,0
elf3,lck,0
elf3,map2k1,0
elf3,mapk14,0
elf3,mapk8,0
elf3,mdcr,0
elf3,msh2,0
elf3,mtb,0
elf3,pax2,0
elf3,pbx1,0
elf3,pdcd8,0
elf3,pik3c3,0
elf3,pik3ca,0
elf3,pitx2,0
elf3,pmaip1,0
elf3,prkaa2,0
elf3,prkar1a,0
elf3,pten,0
elf3,rab7,0
elf3,raptor,0
elf3,rheb,0
elf3,rorc,0
elf3,rps6kb1,0
elf3,sac,0
elf3,snx13,0
elf3,src,0
elf3,stk11,0
elf3,sts1,0
elf3,syt1,0
elf3,tgm2,0
elf3,tnf,0
elf3,tnfrsf5,0
elf3,tnfrsf6,0
elf3,tnfsf5,0
elf3,tsc1,0
elf3,ulk1,0
elf3,uvrag,0
elf4,epha3,0
elf4,ern1,0
elf4,fadd,0
elf4,fpr1,0
elf4,gabarap,0
elf4,gapd,0
elf4,gas2,0
elf4,gclc,0
elf4,gng11,0
elf4,gsk3b,0
elf4,hdac9,0
elf4,hoxa1,0
elf4,hspca,0
elf4,ifnalpha,0
elf4,ifng,0
elf4,ikbkb,0
elf4,il2,0
elf4,lamp2,0
elf4,lck,0
elf4,map2k1,0
elf4,mapk14,0
elf4,mapk8,0
elf4,mdcr,0
elf4,msh2,0
elf4,mtb,0
elf4,pax2,0
elf4,pbx1,0
elf4,pdcd8,0
elf4,pik3c3,0
elf4,pik3ca,0
elf4,pitx2,0
elf4,pmaip1,0
elf4,prkaa2,0
elf4,prkar1a,0
elf4,pten,0
elf4,rab7,0
elf4,raptor,0
elf4,rheb,0
elf4,rorc,0
elf4,rps6kb1,0
elf4,sac,0
elf4,snx13,0
elf4,src,0
elf4,stk11,0
elf4,sts1,0
elf4,syt1,0
elf4,tgm2,0
elf4,tnf,0
elf4,tnfrsf5,0
elf4,tnfrsf6,0
elf4,tnfsf5,0
elf4,tsc1,0
elf4,ulk1,0
elf4,uvrag,0
epha3,ern1,0
epha3,fadd,0
epha3,fpr1,0
epha3,gabarap,0
epha3,gapd,0
epha3,gas2,0
epha3,gclc,0
epha3,gng11,0
epha3,gsk3b,0
epha3,hdac9,0
epha3,hoxa1,0
epha3,hspca,0
epha3,ifnalpha,0
epha3,ifng,0
epha3,ikbkb,0
epha3,il2,0
epha3,lamp2,0
epha3,lck,0
epha3,map2k1,0
epha3,mapk14,0
epha3,mapk8,0
epha3,mdcr,0
epha3,msh2,0
epha3,mtb,0
epha3,pax2,0
epha3,pbx1,0
epha3,pdcd8,0
epha3,pik3c3,0
epha3,pik3ca,0
epha3,pitx2,0
epha3,pmaip1,0
epha3,prkaa2,0
epha3,prkar1a,0
epha3,pten,0
epha3,rab7,0
epha3,raptor,0
epha3,rheb,0
epha3,rorc,0
epha3,rps6kb1,0
epha3,sac,0
epha3,snx13,0
epha3,src,0
epha3,stk11,0
epha3,sts1,0
epha3,syt1,0
epha3,tgm2,0
epha3,tnf,0
epha3,tnfrsf5,0
epha3,tnfrsf6,0
epha3,tnfsf5,0
epha3,tsc1,0
epha3,ulk1,0
epha3,uvrag,0
ern1,fadd,0
ern1,fpr1,0
ern1,gabarap,0
ern1,gapd,0
ern1,gas2,0
ern1,gclc,0
ern1,gng11,0
ern1,gsk3b,0
ern1,hdac9,0
ern1,hoxa1,0
ern1,hspca,0
ern1,ifnalpha,0
ern1,ifng,0
ern1,ikbkb,0
ern1,il2,0
ern1,lamp2,0
ern1,lck,0
ern1,map2k1,0
ern1,mapk14,0
ern1,mapk8,0
ern1,mdcr,0
ern1,msh2,0
ern1,mtb,0
ern1,pax2,0
ern1,pbx1,0
ern1,pdcd8,0
ern1,pik3c3,0
ern1,pik3ca,0
ern1,pitx2,0
ern1,pmaip1,0
ern1,prkaa2,0
ern1,prkar1a,0
ern1,pten,0
ern1,rab7,0
ern1,raptor,0
ern1,rheb,0
ern1,rorc,0
ern1,rps6kb1,0
ern1,sac,0
ern1,snx13,0
ern1,src,0
ern1,stk11,0
ern1,sts1,0
ern1,syt1,0
ern1,tgm2,0
ern1,tnf,0
ern1,tnfrsf5,0
ern1,tnfrsf6,0
ern1,tnfsf5,0
ern1,tsc1,0
ern1,ulk1,0
ern1,uvrag,0
fadd,fpr1,0
fadd,gabarap,2
fadd,gapd,0
fadd,gas2,0
fadd,gclc,0
fadd,gng11,0
fadd,gsk3b,0
fadd,hdac9,0
fadd,hoxa1,0
fadd,hspca,0
fadd,ifnalpha,0
fadd,ifng,0
fadd,ikbkb,0
fadd,il2,0
fadd,lamp2,1
fadd,lck,0
fadd,map2k1,0
fadd,mapk14,0
fadd,mapk8,0
fadd,mdcr,0
fadd,msh2,0
fadd,mtb,0
fadd,pax2,0
fadd,pbx1,0
fadd,pdcd8,0
fadd,pik3c3,0
fadd,pik3ca,0
fadd,pitx2,0
fadd,pmaip1,0
fadd,prkaa2,0
fadd,prkar1a,0
fadd,pten,1
fadd,rab7,2
fadd,raptor,0
fadd,rheb,0
fadd,rorc,0
fadd,rps6kb1,0
fadd,sac,0
fadd,snx13,0
fadd,src,1
fadd,stk11,0
fadd,sts1,0
fadd,syt1,0
fadd,tgm2,0
fadd,tnf,3
fadd,tnfrsf5,0
fadd,tnfrsf6,0
fadd,tnfsf5,0
fadd,tsc1,0
fadd,ulk1,0
fadd,uvrag,1
fpr1,gabarap,0
fpr1,gapd,0
fpr1,gas2,0
fpr1,gclc,0
fpr1,gng11,0
fpr1,gsk3b,0
fpr1,hdac9,0
fpr1,hoxa1,0
fpr1,hspca,0
fpr1,ifnalpha,0
fpr1,ifng,0
fpr1,ikbkb,0
fpr1,il2,0
fpr1,lamp2,0
fpr1,lck,0
fpr1,map2k1,0
fpr1,mapk14,0
fpr1,mapk8,0
fpr1,mdcr,0
fpr1,msh2,0
fpr1,mtb,0
fpr1,pax2,0
fpr1,pbx1,0
fpr1,pdcd8,0
fpr1,pik3c3,0
fpr1,pik3ca,0
fpr1,pitx2,0
fpr1,pmaip1,0
fpr1,prkaa2,0
fpr1,prkar1a,0
fpr1,pten,0
fpr1,rab7,0
fpr1,raptor,0
fpr1,rheb,0
fpr1,rorc,0
fpr1,rps6kb1,0
fpr1,sac,0
fpr1,snx13,0
fpr1,src,0
fpr1,stk11,0
fpr1,sts1,0
fpr1,syt1,0
fpr1,tgm2,0
fpr1,tnf,0
fpr1,tnfrsf5,0
fpr1,tnfrsf6,0
fpr1,tnfsf5,0
fpr1,tsc1,0
fpr1,ulk1,0
fpr1,uvrag,0
gabarap,gapd,0
gabarap,gas2,1
gabarap,gclc,0
gabarap,gng11,0
gabarap,gsk3b,0
gabarap,hdac9,0
gabarap,hoxa1,0
gabarap,hspca,0
gabarap,ifnalpha,0
gabarap,ifng,0
gabarap,ikbkb,0
gabarap,il2,0
gabarap,lamp2,1
gabarap,lck,0
gabarap,map2k1,0
gabarap,mapk14,0
gabarap,mapk8,0
gabarap,mdcr,0
gabarap,msh2,0
gabarap,mtb,0
gabarap,pax2,0
gabarap,pbx1,0
gabarap,pdcd8,0
gabarap,pik3c3,0
gabarap,pik3ca,0
gabarap,pitx2,0
gabarap,pmaip1,0
gabarap,prkaa2,0
gabarap,prkar1a,0
gabarap,pten,1
gabarap,rab7,3
gabarap,raptor,0
gabarap,rheb,0
gabarap,rorc,0
gabarap,rps6kb1,0
gabarap,sac,0
gabarap,snx13,0
gabarap,src,1
gabarap,stk11,0
gabarap,sts1,0
gabarap,syt1,0
gabarap,tgm2,0
gabarap,tnf,1
gabarap,tnfrsf5,0
gabarap,tnfrsf6,0
gabarap,tnfsf5,0
gabarap,tsc1,0
gabarap,ulk1,1
gabarap,uvrag,1
gapd,gas2,0
gapd,gclc,0
gapd,gng11,0
gapd,gsk3b,0
gapd,hdac9,0
gapd,hoxa1,0
gapd,hspca,0
gapd,ifnalpha,0
gapd,ifng,0
gapd,ikbkb,0
gapd,il2,0
gapd,lamp2,0
gapd,lck,0
gapd,map2k1,0
gapd,mapk14,0
gapd,mapk8,0
gapd,mdcr,0
gapd,msh2,0
gapd,mtb,0
gapd,pax2,0
gapd,pbx1,0
gapd,pdcd8,0
gapd,pik3c3,0
gapd,pik3ca,0
gapd,pitx2,0
gapd,pmaip1,0
gapd,prkaa2,0
gapd,prkar1a,0
gapd,pten,0
gapd,rab7,0
gapd,raptor,0
gapd,rheb,0
gapd,rorc,0
gapd,rps6kb1,0
gapd,sac,0
gapd,snx13,0
gapd,src,0
gapd,stk11,0
gapd,sts1,0
gapd,syt1,0
gapd,tgm2,0
gapd,tnf,0
gapd,tnfrsf5,0
gapd,tnfrsf6,0
gapd,tnfsf5,0
gapd,tsc1,0
gapd,ulk1,0
gapd,uvrag,0
gas2,gclc,0
gas2,gng11,0
gas2,gsk3b,0
gas2,hdac9,0
gas2,hoxa1,0
gas2,hspca,0
gas2,ifnalpha,0
gas2,ifng,0
gas2,ikbkb,0
gas2,il2,0
gas2,lamp2,0
gas2,lck,0
gas2,map2k1,0
gas2,mapk14,0
gas2,mapk8,0
gas2,mdcr,0
gas2,msh2,0
gas2,mtb,0
gas2,pax2,0
gas2,pbx1,0
gas2,pdcd8,0
gas2,pik3c3,0
gas2,pik3ca,0
gas2,pitx2,0
gas2,pmaip1,0
gas2,prkaa2,0
gas2,prkar1a,0
gas2,pten,0
gas2,rab7,0
gas2,raptor,0
gas2,rheb,0
gas2,rorc,0
gas2,rps6kb1,0
gas2,sac,0
gas2,snx13,0
gas2,src,0
gas2,stk11,0
gas2,sts1,0
gas2,syt1,0
gas2,tgm2,0
gas2,tnf,0
gas2,tnfrsf5,0
gas2,tnfrsf6,0
gas2,tnfsf5,0
gas2,tsc1,0
gas2,ulk1,0
gas2,uvrag,0
gclc,gng11,0
gclc,gsk3b,0
gclc,hdac9,0
gclc,hoxa1,0
gclc,hspca,0
gclc,ifnalpha,0
gclc,ifng,0
gclc,ikbkb,0
gclc,il2,0
gclc,lamp2,0
gclc,lck,0
gclc,map2k1,0
gclc,mapk14,0
gclc,mapk8,0
gclc,mdcr,0
gclc,msh2,0
gclc,mtb,0
gclc,pax2,0
gclc,pbx1,0
gclc,pdcd8,0
gclc,pik3c3,0
gclc,pik3ca,0
gclc,pitx2,0
gclc,pmaip1,0
gclc,prkaa2,0
gclc,prkar1a,0
gclc,pten,0
gclc,rab7,0
gclc,raptor,0
gclc,rheb,0
gclc,rorc,0
gclc,rps6kb1,0
gclc,sac,0
gclc,snx13,0
gclc,src,0
gclc,stk11,0
gclc,sts1,0
gclc,syt1,0
gclc,tgm2,0
gclc,tnf,0
gclc,tnfrsf5,0
gclc,tnfrsf6,0
gclc,tnfsf5,0
gclc,tsc1,0
gclc,ulk1,0
gclc,uvrag,0
gng11,gsk3b,0
gng11,hdac9,0
gng11,hoxa1,0
gng11,hspca,0
gng11,ifnalpha,0
gng11,ifng,0
gng11,ikbkb,0
gng11,il2,0
gng11,lamp2,0
gng11,lck,0
gng11,map2k1,0
gng11,mapk14,0
gng11,mapk8,0
gng11,mdcr,0
gng11,msh2,0
gng11,mtb,0
gng11,pax2,0
gng11,pbx1,0
gng11,pdcd8,0
gng11,pik3c3,0
gng11,pik3ca,0
gng11,pitx2,0
gng11,pmaip1,0
gng11,prkaa2,0
gng11,prkar1a,0
gng11,pten,0
gng11,rab7,0
gng11,raptor,0
gng11,rheb,0
gng11,rorc,0
gng11,rps6kb1,0
gng11,sac,0
gng11,snx13,0
gng11,src,0
gng11,stk11,0
gng11,sts1,0
gng11,syt1,0
gng11,tgm2,0
gng11,tnf,0
gng11,tnfrsf5,0
gng11,tnfrsf6,0
gng11,tnfsf5,0
gng11,tsc1,0
gng11,ulk1,0
gng11,uvrag,0
gsk3b,hdac9,0
gsk3b,hoxa1,0
gsk3b,hspca,0
gsk3b,ifnalpha,0
gsk3b,ifng,0
gsk3b,ikbkb,0
gsk3b,il2,0
gsk3b,lamp2,0
gsk3b,lck,0
gsk3b,map2k1,0
gsk3b,mapk14,0
gsk3b,mapk8,0
gsk3b,mdcr,0
gsk3b,msh2,0
gsk3b,mtb,0
gsk3b,pax2,0
gsk3b,pbx1,0
gsk3b,pdcd8,0
gsk3b,pik3c3,0
gsk3b,pik3ca,0
gsk3b,pitx2,0
gsk3b,pmaip1,0
gsk3b,prkaa2,0
gsk3b,prkar1a,0
gsk3b,pten,0
gsk3b,rab7,0
gsk3b,raptor,0
gsk3b,rheb,0
gsk3b,rorc,0
gsk3b,rps6kb1,0
gsk3b,sac,0
gsk3b,snx13,0
gsk3b,src,0
gsk3b,stk11,0
gsk3b,sts1,0
gsk3b,syt1,0
gsk3b,tgm2,0
gsk3b,tnf,0
gsk3b,tnfrsf5,0
gsk3b,tnfrsf6,0
gsk3b,tnfsf5,0
gsk3b,tsc1,0
gsk3b,ulk1,0
gsk3b,uvrag,0
hdac9,hoxa1,0
hdac9,hspca,0
hdac9,ifnalpha,0
hdac9,ifng,0
hdac9,ikbkb,0
hdac9,il2,0
hdac9,lamp2,0
hdac9,lck,0
hdac9,map2k1,0
hdac9,mapk14,0
hdac9,mapk8,0
hdac9,mdcr,0
hdac9,msh2,0
hdac9,mtb,0
hdac9,pax2,0
hdac9,pbx1,0
hdac9,pdcd8,0
hdac9,pik3c3,0
hdac9,pik3ca,0
hdac9,pitx2,0
hdac9,pmaip1,0
hdac9,prkaa2,0
hdac9,prkar1a,0
hdac9,pten,0
hdac9,rab7,0
hdac9,raptor,0
hdac9,rheb,0
hdac9,rorc,0
hdac9,rps6kb1,0
hdac9,sac,0
hdac9,snx13,0
hdac9,src,0
hdac9,stk11,0
hdac9,sts1,0
hdac9,syt1,0
hdac9,tgm2,0
hdac9,tnf,0
hdac9,tnfrsf5,0
hdac9,tnfrsf6,0
hdac9,tnfsf5,0
hdac9,tsc1,0
hdac9,ulk1,0
hdac9,uvrag,0
hoxa1,hspca,0
hoxa1,ifnalpha,0
hoxa1,ifng,0
hoxa1,ikbkb,0
hoxa1,il2,0
hoxa1,lamp2,0
hoxa1,lck,0
hoxa1,map2k1,0
hoxa1,mapk14,0
hoxa1,mapk8,0
hoxa1,mdcr,0
hoxa1,msh2,0
hoxa1,mtb,0
hoxa1,pax2,0
hoxa1,pbx1,1
hoxa1,pdcd8,0
hoxa1,pik3c3,0
hoxa1,pik3ca,0
hoxa1,pitx2,0
hoxa1,pmaip1,0
hoxa1,prkaa2,0
hoxa1,prkar1a,0
hoxa1,pten,0
hoxa1,rab7,0
hoxa1,raptor,0
hoxa1,rheb,0
hoxa1,rorc,0
hoxa1,rps6kb1,0
hoxa1,sac,0
hoxa1,snx13,0
hoxa1,src,0
hoxa1,stk11,0
hoxa1,sts1,0
hoxa1,syt1,0
hoxa1,tgm2,0
hoxa1,tnf,0
hoxa1,tnfrsf5,0
hoxa1,tnfrsf6,0
hoxa1,tnfsf5,0
hoxa1,tsc1,0
hoxa1,ulk1,0
hoxa1,uvrag,0
hspca,ifnalpha,0
hspca,ifng,0
hspca,ikbkb,0
hspca,il2,0
hspca,lamp2,0
hspca,lck,0
hspca,map2k1,0
hspca,mapk14,0
hspca,mapk8,0
hspca,mdcr,0
hspca,msh2,0
hspca,mtb,0
hspca,pax2,0
hspca,pbx1,0
hspca,pdcd8,0
hspca,pik3c3,0
hspca,pik3ca,0
hspca,pitx2,0
hspca,pmaip1,0
hspca,prkaa2,0
hspca,prkar1a,0
hspca,pten,0
hspca,rab7,0
hspca,raptor,0
hspca,rheb,0
hspca,rorc,0
hspca,rps6kb1,0
hspca,sac,0
hspca,snx13,0
hspca,src,0
hspca,stk11,0
hspca,sts1,0
hspca,syt1,0
hspca,tgm2,0
hspca,tnf,0
hspca,tnfrsf5,0
hspca,tnfrsf6,0
hspca,tnfsf5,0
hspca,tsc1,0
hspca,ulk1,0
hspca,uvrag,0
ifnalpha,ifng,0
ifnalpha,ikbkb,0
ifnalpha,il2,0
ifnalpha,lamp2,0
ifnalpha,lck,0
ifnalpha,map2k1,0
ifnalpha,mapk14,0
ifnalpha,mapk8,0
ifnalpha,mdcr,0
ifnalpha,msh2,0
ifnalpha,mtb,0
ifnalpha,pax2,0
ifnalpha,pbx1,0
ifnalpha,pdcd8,0
ifnalpha,pik3c3,0
ifnalpha,pik3ca,0
ifnalpha,pitx2,0
ifnalpha,pmaip1,0
ifnalpha,prkaa2,0
ifnalpha,prkar1a,0
ifnalpha,pten,0
ifnalpha,rab7,0
ifnalpha,raptor,0
ifnalpha,rheb,0
ifnalpha,rorc,0
ifnalpha,rps6kb1,0
ifnalpha,sac,0
ifnalpha,snx13,0
ifnalpha,src,0
ifnalpha,stk11,0
ifnalpha,sts1,0
ifnalpha,syt1,0
ifnalpha,tgm2,0
ifnalpha,tnf,0
ifnalpha,tnfrsf5,0
ifnalpha,tnfrsf6,0
ifnalpha,tnfsf5,0
ifnalpha,tsc1,0
ifnalpha,ulk1,0
ifnalpha,uvrag,0
ifng,ikbkb,0
ifng,il2,0
ifng,lamp2,0
ifng,lck,0
ifng,map2k1,0
ifng,mapk14,0
ifng,mapk8,0
ifng,mdcr,0
ifng,msh2,0
ifng,mtb,0
ifng,pax2,0
ifng,pbx1,0
ifng,pdcd8,0
ifng,pik3c3,0
ifng,pik3ca,0
ifng,pitx2,0
ifng,pmaip1,0
ifng,prkaa2,0
ifng,prkar1a,0
ifng,pten,0
ifng,rab7,0
ifng,raptor,0
ifng,rheb,0
ifng,rorc,0
ifng,rps6kb1,0
ifng,sac,0
ifng,snx13,0
ifng,src,0
ifng,stk11,0
ifng,sts1,0
ifng,syt1,0
ifng,tgm2,0
ifng,tnf,0
ifng,tnfrsf5,0
ifng,tnfrsf6,0
ifng,tnfsf5,0
ifng,tsc1,0
ifng,ulk1,0
ifng,uvrag,0
ikbkb,il2,0
ikbkb,lamp2,0
ikbkb,lck,0
ikbkb,map2k1,0
ikbkb,mapk14,0
ikbkb,mapk8,0
ikbkb,mdcr,0
ikbkb,msh2,0
ikbkb,mtb,0
ikbkb,pax2,0
ikbkb,pbx1,0
ikbkb,pdcd8,0
ikbkb,pik3c3,0
ikbkb,pik3ca,0
ikbkb,pitx2,0
ikbkb,pmaip1,0
ikbkb,prkaa2,0
ikbkb,prkar1a,0
ikbkb,pten,0
ikbkb,rab7,0
ikbkb,raptor,0
ikbkb,rheb,0
ikbkb,rorc,0
ikbkb,rps6kb1,0
ikbkb,sac,0
ikbkb,snx13,0
ikbkb,src,0
ikbkb,stk11,0
ikbkb,sts1,0
ikbkb,syt1,0
ikbkb,tgm2,0
ikbkb,tnf,0
ikbkb,tnfrsf5,0
ikbkb,tnfrsf6,0
ikbkb,tnfsf5,0
ikbkb,tsc1,0
ikbkb,ulk1,0
ikbkb,uvrag,0
il2,lamp2,0
il2,lck,0
il2,map2k1,0
il2,mapk14,0
il2,mapk8,0
il2,mdcr,0
il2,msh2,0
il2,mtb,0
il2,pax2,0
il2,pbx1,0
il2,pdcd8,0
il2,pik3c3,0
il2,pik3ca,0
il2,pitx2,0
il2,pmaip1,0
il2,prkaa2,0
il2,prkar1a,0
il2,pten,0
il2,rab7,0
il2,raptor,0
il2,rheb,0
il2,rorc,0
il2,rps6kb1,0
il2,sac,0
il2,snx13,0
il2,src,0
il2,stk11,0
il2,sts1,0
il2,syt1,0
il2,tgm2,0
il2,tnf,0
il2,tnfrsf5,0
il2,tnfrsf6,0
il2,tnfsf5,0
il2,tsc1,0
il2,ulk1,0
il2,uvrag,0
lamp2,lck,0
lamp2,map2k1,0
lamp2,mapk14,0
lamp2,mapk8,0
lamp2,mdcr,0
lamp2,msh2,0
lamp2,mtb,0
lamp2,pax2,0
lamp2,pbx1,0
lamp2,pdcd8,0
lamp2,pik3c3,0
lamp2,pik3ca,0
lamp2,pitx2,0
lamp2,pmaip1,0
lamp2,prkaa2,0
lamp2,prkar1a,0
lamp2,pten,0
lamp2,rab7,1
lamp2,raptor,0
lamp2,rheb,0
lamp2,rorc,0
lamp2,rps6kb1,0
lamp2,sac,1
lamp2,snx13,1
lamp2,src,0
lamp2,stk11,0
lamp2,sts1,0
lamp2,syt1,0
lamp2,tgm2,0
lamp2,tnf,1
lamp2,tnfrsf5,0
lamp2,tnfrsf6,0
lamp2,tnfsf5,0
lamp2,tsc1,0
lamp2,ulk1,0
lamp2,uvrag,0
lck,map2k1,0
lck,mapk14,0
lck,mapk8,0
lck,mdcr,0
lck,msh2,0
lck,mtb,0
lck,pax2,0
lck,pbx1,0
lck,pdcd8,0
lck,pik3c3,0
lck,pik3ca,0
lck,pitx2,0
lck,pmaip1,0
lck,prkaa2,0
lck,prkar1a,0
lck,pten,0
lck,rab7,0
lck,raptor,0
lck,rheb,0
lck,rorc,0
lck,rps6kb1,0
lck,sac,0
lck,snx13,0
lck,src,1
lck,stk11,0
lck,sts1,0
lck,syt1,0
lck,tgm2,0
lck,tnf,0
lck,tnfrsf5,0
lck,tnfrsf6,0
lck,tnfsf5,0
lck,tsc1,0
lck,ulk1,0
lck,uvrag,0
map2k1,mapk14,0
map2k1,mapk8,0
map2k1,mdcr,0
map2k1,msh2,0
map2k1,mtb,0
map2k1,pax2,0
map2k1,pbx1,0
map2k1,pdcd8,0
map2k1,pik3c3,0
map2k1,pik3ca,0
map2k1,pitx2,0
map2k1,pmaip1,0
map2k1,prkaa2,0
map2k1,prkar1a,0
map2k1,pten,0
map2k1,rab7,0
map2k1,raptor,0
map2k1,rheb,0
map2k1,rorc,0
map2k1,rps6kb1,0
map2k1,sac,0
map2k1,snx13,0
map2k1,src,0
map2k1,stk11,0
map2k1,sts1,0
map2k1,syt1,0
map2k1,tgm2,0
map2k1,tnf,0
map2k1,tnfrsf5,0
map2k1,tnfrsf6,0
map2k1,tnfsf5,0
map2k1,tsc1,0
map2k1,ulk1,0
map2k1,uvrag,0
mapk14,mapk8,0
mapk14,mdcr,0
mapk14,msh2,0
mapk14,mtb,0
mapk14,pax2,0
mapk14,pbx1,0
mapk14,pdcd8,0
mapk14,pik3c3,0
mapk14,pik3ca,0
mapk14,pitx2,0
mapk14,pmaip1,0
mapk14,prkaa2,0
mapk14,prkar1a,0
mapk14,pten,0
mapk14,rab7,0
mapk14,raptor,0
mapk14,rheb,0
mapk14,rorc,0
mapk14,rps6kb1,0
mapk14,sac,0
mapk14,snx13,0
mapk14,src,0
mapk14,stk11,0
mapk14,sts1,0
mapk14,syt1,0
mapk14,tgm2,0
mapk14,tnf,0
mapk14,tnfrsf5,0
mapk14,tnfrsf6,0
mapk14,tnfsf5,0
mapk14,tsc1,0
mapk14,ulk1,0
mapk14,uvrag,0
mapk8,mdcr,0
mapk8,msh2,0
mapk8,mtb,0
mapk8,pax2,0
mapk8,pbx1,0
mapk8,pdcd8,0
mapk8,pik3c3,0
mapk8,pik3ca,0
mapk8,pitx2,0
mapk8,pmaip1,0
mapk8,prkaa2,0
mapk8,prkar1a,0
mapk8,pten,0
mapk8,rab7,0
mapk8,raptor,0
mapk8,rheb,0
mapk8,rorc,0
mapk8,rps6kb1,0
mapk8,sac,0
mapk8,snx13,0
mapk8,src,0
mapk8,stk11,0
mapk8,sts1,0
mapk8,syt1,0
mapk8,tgm2,0
mapk8,tnf,0
mapk8,tnfrsf5,0
mapk8,tnfrsf6,0
mapk8,tnfsf5,0
mapk8,tsc1,0
mapk8,ulk1,0
mapk8,uvrag,0
mdcr,msh2,0
mdcr,mtb,0
mdcr,pax2,0
mdcr,pbx1,0
mdcr,pdcd8,0
mdcr,pik3c3,0
mdcr,pik3ca,0
mdcr,pitx2,0
mdcr,pmaip1,0
mdcr,prkaa2,0
mdcr,prkar1a,0
mdcr,pten,0
mdcr,rab7,0
mdcr,raptor,0
mdcr,rheb,0
mdcr,rorc,0
mdcr,rps6kb1,0
mdcr,sac,0
mdcr,snx13,0
mdcr,src,0
mdcr,stk11,0
mdcr,sts1,0
mdcr,syt1,0
mdcr,tgm2,0
mdcr,tnf,0
mdcr,tnfrsf5,0
mdcr,tnfrsf6,0
mdcr,tnfsf5,0
mdcr,tsc1,0
mdcr,ulk1,0
mdcr,uvrag,0
msh2,mtb,0
msh2,pax2,0
msh2,pbx1,0
msh2,pdcd8,0
msh2,pik3c3,0
msh2,pik3ca,0
msh2,pitx2,0
msh2,pmaip1,0
msh2,prkaa2,0
msh2,prkar1a,0
msh2,pten,0
msh2,rab7,0
msh2,raptor,0
msh2,rheb,0
msh2,rorc,0
msh2,rps6kb1,0
msh2,sac,0
msh2,snx13,0
msh2,src,0
msh2,stk11,0
msh2,sts1,0
msh2,syt1,0
msh2,tgm2,0
msh2,tnf,0
msh2,tnfrsf5,0
msh2,tnfrsf6,0
msh2,tnfsf5,0
msh2,tsc1,0
msh2,ulk1,0
msh2,uvrag,0
mtb,pax2,0
mtb,pbx1,0
mtb,pdcd8,0
mtb,pik3c3,0
mtb,pik3ca,0
mtb,pitx2,0
mtb,pmaip1,0
mtb,prkaa2,0
mtb,prkar1a,0
mtb,pten,0
mtb,rab7,0
mtb,raptor,0
mtb,rheb,0
mtb,rorc,0
mtb,rps6kb1,0
mtb,sac,0
mtb,snx13,0
mtb,src,0
mtb,stk11,0
mtb,sts1,0
mtb,syt1,0
mtb,tgm2,0
mtb,tnf,0
mtb,tnfrsf5,0
mtb,tnfrsf6,0
mtb,tnfsf5,0
mtb,tsc1,0
mtb,ulk1,0
mtb,uvrag,0
pax2,pbx1,0
pax2,pdcd8,0
pax2,pik3c3,0
pax2,pik3ca,0
pax2,pitx2,0
pax2,pmaip1,0
pax2,prkaa2,0
pax2,prkar1a,0
pax2,pten,0
pax2,rab7,0
pax2,raptor,0
pax2,rheb,0
pax2,rorc,0
pax2,rps6kb1,0
pax2,sac,0
pax2,snx13,0
pax2,src,0
pax2,stk11,0
pax2,sts1,0
pax2,syt1,0
pax2,tgm2,0
pax2,tnf,0
pax2,tnfrsf5,0
pax2,tnfrsf6,0
pax2,tnfsf5,0
pax2,tsc1,0
pax2,ulk1,0
pax2,uvrag,0
pbx1,pdcd8,0
pbx1,pik3c3,0
pbx1,pik3ca,0
pbx1,pitx2,0
pbx1,pmaip1,0
pbx1,prkaa2,0
pbx1,prkar1a,0
pbx1,pten,0
pbx1,rab7,0
pbx1,raptor,0
pbx1,rheb,0
pbx1,rorc,0
pbx1,rps6kb1,0
pbx1,sac,0
pbx1,snx13,0
pbx1,src,0
pbx1,stk11,0
pbx1,sts1,0
pbx1,syt1,0
pbx1,tgm2,0
pbx1,tnf,0
pbx1,tnfrsf5,0
pbx1,tnfrsf6,0
pbx1,tnfsf5,0
pbx1,tsc1,0
pbx1,ulk1,0
pbx1,uvrag,0
pdcd8,pik3c3,0
pdcd8,pik3ca,0
pdcd8,pitx2,0
pdcd8,pmaip1,0
pdcd8,prkaa2,0
pdcd8,prkar1a,0
pdcd8,pten,0
pdcd8,rab7,0
pdcd8,raptor,0
pdcd8,rheb,0
pdcd8,rorc,0
pdcd8,rps6kb1,0
pdcd8,sac,0
pdcd8,snx13,0
pdcd8,src,0
pdcd8,stk11,0
pdcd8,sts1,0
pdcd8,syt1,0
pdcd8,tgm2,0
pdcd8,tnf,0
pdcd8,tnfrsf5,0
pdcd8,tnfrsf6,0
pdcd8,tnfsf5,0
pdcd8,tsc1,0
pdcd8,ulk1,0
pdcd8,uvrag,0
pik3c3,pik3ca,1
pik3c3,pitx2,0
pik3c3,pmaip1,0
pik3c3,prkaa2,0
pik3c3,prkar1a,0
pik3c3,pten,1
pik3c3,rab7,0
pik3c3,raptor,0
pik3c3,rheb,0
pik3c3,rorc,0
pik3c3,rps6kb1,0
pik3c3,sac,0
pik3c3,snx13,0
pik3c3,src,0
pik3c3,stk11,0
pik3c3,sts1,0
pik3c3,syt1,0
pik3c3,tgm2,0
pik3c3,tnf,0
pik3c3,tnfrsf5,0
pik3c3,tnfrsf6,0
pik3c3,tnfsf5,0
pik3c3,tsc1,0
pik3c3,ulk1,0
pik3c3,uvrag,0
pik3ca,pitx2,0
pik3ca,pmaip1,0
pik3ca,prkaa2,0
pik3ca,prkar1a,0
pik3ca,pten,2
pik3ca,rab7,0
pik3ca,raptor,0
pik3ca,rheb,0
pik3ca,rorc,0
pik3ca,rps6kb1,0
pik3ca,sac,0
pik3ca,snx13,0
pik3ca,src,0
pik3ca,stk11,0
pik3ca,sts1,0
pik3ca,syt1,0
pik3ca,tgm2,0
pik3ca,tnf,0
pik3ca,tnfrsf5,0
pik3ca,tnfrsf6,0
pik3ca,tnfsf5,0
pik3ca,tsc1,0
pik3ca,ulk1,0
pik3ca,uvrag,0
pitx2,pmaip1,0
pitx2,prkaa2,0
pitx2,prkar1a,0
pitx2,pten,0
pitx2,rab7,0
pitx2,raptor,0
pitx2,rheb,0
pitx2,rorc,0
pitx2,rps6kb1,0
pitx2,sac,0
pitx2,snx13,0
pitx2,src,0
pitx2,stk11,0
pitx2,sts1,0
pitx2,syt1,0
pitx2,tgm2,0
pitx2,tnf,0
pitx2,tnfrsf5,0
pitx2,tnfrsf6,0
pitx2,tnfsf5,0
pitx2,tsc1,0
pitx2,ulk1,0
pitx2,uvrag,0
pmaip1,prkaa2,0
pmaip1,prkar1a,0
pmaip1,pten,0
pmaip1,rab7,0
pmaip1,raptor,0
pmaip1,rheb,0
pmaip1,rorc,0
pmaip1,rps6kb1,0
pmaip1,sac,0
pmaip1,snx13,0
pmaip1,src,0
pmaip1,stk11,0
pmaip1,sts1,0
pmaip1,syt1,0
pmaip1,tgm2,0
pmaip1,tnf,0
pmaip1,tnfrsf5,0
pmaip1,tnfrsf6,0
pmaip1,tnfsf5,0
pmaip1,tsc1,0
pmaip1,ulk1,0
pmaip1,uvrag,0
prkaa2,prkar1a,0
prkaa2,pten,0
prkaa2,rab7,0
prkaa2,raptor,0
prkaa2,rheb,0
prkaa2,rorc,0
prkaa2,rps6kb1,0
prkaa2,sac,0
prkaa2,snx13,0
prkaa2,src,0
prkaa2,stk11,0
prkaa2,sts1,0
prkaa2,syt1,0
prkaa2,tgm2,0
prkaa2,tnf,0
prkaa2,tnfrsf5,0
prkaa2,tnfrsf6,0
prkaa2,tnfsf5,0
prkaa2,tsc1,0
prkaa2,ulk1,0
prkaa2,uvrag,0
prkar1a,pten,0
prkar1a,rab7,1
prkar1a,raptor,0
prkar1a,rheb,0
prkar1a,rorc,0
prkar1a,rps6kb1,0
prkar1a,sac,0
prkar1a,snx13,0
prkar1a,src,0
prkar1a,stk11,0
prkar1a,sts1,0
prkar1a,syt1,0
prkar1a,tgm2,0
prkar1a,tnf,0
prkar1a,tnfrsf5,0
prkar1a,tnfrsf6,0
prkar1a,tnfsf5,0
prkar1a,tsc1,0
prkar1a,ulk1,0
prkar1a,uvrag,0
pten,rab7,1
pten,raptor,2
pten,rheb,5
pten,rorc,0
pten,rps6kb1,0
pten,sac,0
pten,snx13,0
pten,src,3
pten,stk11,0
pten,sts1,0
pten,syt1,0
pten,tgm2,0
pten,tnf,3
pten,tnfrsf5,0
pten,tnfrsf6,0
pten,tnfsf5,0
pten,tsc1,4
pten,ulk1,1
pten,uvrag,1
rab7,raptor,0
rab7,rheb,1
rab7,rorc,0
rab7,rps6kb1,0
rab7,sac,0
rab7,snx13,0
rab7,src,1
rab7,stk11,0
rab7,sts1,0
rab7,syt1,0
rab7,tgm2,0
rab7,tnf,1
rab7,tnfrsf5,0
rab7,tnfrsf6,0
rab7,tnfsf5,0
rab7,tsc1,1
rab7,ulk1,1
rab7,uvrag,1
raptor,rheb,3
raptor,rorc,0
raptor,rps6kb1,0
raptor,sac,0
raptor,snx13,0
raptor,src,0
raptor,stk11,0
raptor,sts1,0
raptor,syt1,0
raptor,tgm2,0
raptor,tnf,0
raptor,tnfrsf5,0
raptor,tnfrsf6,0
raptor,tnfsf5,0
raptor,tsc1,3
raptor,ulk1,0
raptor,uvrag,1
rheb,rorc,0
rheb,rps6kb1,0
rheb,sac,0
rheb,snx13,0
rheb,src,1
rheb,stk11,0
rheb,sts1,0
rheb,syt1,0
rheb,tgm2,0
rheb,tnf,1
rheb,tnfrsf5,0
rheb,tnfrsf6,0
rheb,tnfsf5,0
rheb,tsc1,7
rheb,ulk1,1
rheb,uvrag,2
rorc,rps6kb1,0
rorc,sac,0
rorc,snx13,0
rorc,src,0
rorc,stk11,0
rorc,sts1,0
rorc,syt1,0
rorc,tgm2,0
rorc,tnf,0
rorc,tnfrsf5,0
rorc,tnfrsf6,0
rorc,tnfsf5,0
rorc,tsc1,0
rorc,ulk1,0
rorc,uvrag,0
rps6kb1,sac,0
rps6kb1,snx13,0
rps6kb1,src,0
rps6kb1,stk11,0
rps6kb1,sts1,0
rps6kb1,syt1,0
rps6kb1,tgm2,0
rps6kb1,tnf,0
rps6kb1,tnfrsf5,0
rps6kb1,tnfrsf6,0
rps6kb1,tnfsf5,0
rps6kb1,tsc1,0
rps6kb1,ulk1,0
rps6kb1,uvrag,0
sac,snx13,1
sac,src,0
sac,stk11,0
sac,sts1,0
sac,syt1,0
sac,tgm2,0
sac,tnf,0
sac,tnfrsf5,0
sac,tnfrsf6,0
sac,tnfsf5,0
sac,tsc1,0
sac,ulk1,1
sac,uvrag,0
snx13,src,0
snx13,stk11,0
snx13,sts1,0
snx13,syt1,0
snx13,tgm2,0
snx13,tnf,0
snx13,tnfrsf5,0
snx13,tnfrsf6,0
snx13,tnfsf5,0
snx13,tsc1,0
snx13,ulk1,0
snx13,uvrag,0
src,stk11,0
src,sts1,0
src,syt1,0
src,tgm2,0
src,tnf,1
src,tnfrsf5,0
src,tnfrsf6,0
src,tnfsf5,0
src,tsc1,1
src,ulk1,0
src,uvrag,0
stk11,sts1,0
stk11,syt1,0
stk11,tgm2,0
stk11,tnf,0
stk11,tnfrsf5,0
stk11,tnfrsf6,0
stk11,tnfsf5,0
stk11,tsc1,0
stk11,ulk1,0
stk11,uvrag,0
sts1,syt1,0
sts1,tgm2,0
sts1,tnf,0
sts1,tnfrsf5,0
sts1,tnfrsf6,0
sts1,tnfsf5,0
sts1,tsc1,0
sts1,ulk1,0
sts1,uvrag,0
syt1,tgm2,0
syt1,tnf,0
syt1,tnfrsf5,0
syt1,tnfrsf6,0
syt1,tnfsf5,0
syt1,tsc1,0
syt1,ulk1,0
syt1,uvrag,0
tgm2,tnf,0
tgm2,tnfrsf5,0
tgm2,tnfrsf6,0
tgm2,tnfsf5,0
tgm2,tsc1,0
tgm2,ulk1,0
tgm2,uvrag,0
tnf,tnfrsf5,0
tnf,tnfrsf6,0
tnf,tnfsf5,0
tnf,tsc1,0
tnf,ulk1,0
tnf,uvrag,0
tnfrsf5,tnfrsf6,0
tnfrsf5,tnfsf5,0
tnfrsf5,tsc1,0
tnfrsf5,ulk1,0
tnfrsf5,uvrag,0
tnfrsf6,tnfsf5,0
tnfrsf6,tsc1,0
tnfrsf6,ulk1,0
tnfrsf6,uvrag,0
tnfsf5,tsc1,0
tnfsf5,ulk1,0
tnfsf5,uvrag,0
tsc1,ulk1,0
tsc1,uvrag,1
ulk1,uvrag,0
